id, creation, mean
0,0,-1
1,0,-1
2,0,-1
3,0,-1
4,0,-1
5,0,-1
6,0,-1
7,0,-1
8,0,-1
9,0,-1
10,0,-1
11,0,-1
12,0,-1
13,0,-1
14,0,-1
15,0,-1
16,0,-1
17,0,-1
18,0,-1
19,0,-1
20,0,-1
21,0,-1
22,0,-1
23,0,-1
24,0,-1
25,0,-1
26,0,-1
27,0,-1
28,0,-1
29,0,-1
30,0,-1
31,0,-1
32,0,-1
33,0,-1
34,0,-1
35,0,-1
36,0,-1
37,0,-1
38,0,-1
39,0,-1
40,0,-1
41,0,-1
42,0,-1
43,0,-1
44,0,-1
45,0,-1
46,0,-1
47,0,-1
48,0,-1
49,0,-1
50,0,-1
51,0,-1
52,0,-1
53,0,-1
54,0,-1
55,0,-1
56,0,-1
57,0,-1
58,0,-1
59,0,-1
60,0,-1
61,0,-1
62,0,-1
63,0,-1
64,0,-1
65,0,-1
66,0,-1
67,0,-1
68,0,-1
69,0,-1
70,0,-1
71,0,-1
72,0,-1
73,0,-1
74,0,-1
75,0,-1
76,0,-1
77,0,-1
78,0,-1
79,0,-1
80,0,-1
81,0,-1
82,0,-1
83,0,-1
84,0,-1
85,0,-1
86,0,-1
87,0,-1
88,0,-1
89,0,-1
90,0,-1
91,0,-1
92,0,-1
93,0,-1
94,0,-1
95,0,-1
96,0,-1
97,0,-1
98,0,-1
99,0,-1
100,0,-1
101,0,-1
102,0,-1
103,0,-1
104,0,-1
105,0,-1
106,0,-1
107,0,-1
108,0,-1
109,0,-1
110,0,-1
111,0,-1
112,0,-1
113,0,-1
114,0,-1
115,0,-1
116,0,-1
117,0,-1
118,0,-1
119,0,-1
120,0,-1
121,0,-1
122,0,-1
123,0,-1
124,0,-1
125,0,-1
126,0,-1
127,0,-1
128,0,-1
129,0,-1
130,0,-1
131,0,-1
132,0,-1
133,0,-1
134,0,-1
135,0,-1
136,0,-1
137,0,-1
138,0,-1
139,0,-1
140,0,-1
141,0,-1
142,0,-1
143,0,-1
144,0,-1
145,0,-1
146,0,-1
147,0,-1
148,0,-1
149,0,-1
150,0,-1
151,0,-1
152,0,-1
153,0,-1
154,0,-1
155,0,-1
156,0,-1
157,0,-1
158,0,-1
159,0,-1
160,0,-1
161,0,-1
162,0,-1
163,0,-1
164,0,-1
165,0,-1
166,0,-1
167,0,-1
168,0,-1
169,0,-1
170,0,-1
171,0,-1
172,0,-1
173,0,-1
174,0,-1
175,0,-1
176,0,-1
177,0,-1
178,0,-1
179,0,-1
180,0,-1
181,0,-1
182,0,-1
183,0,-1
184,0,-1
185,0,-1
186,0,-1
187,0,-1
188,0,-1
189,0,-1
190,0,-1
191,0,-1
192,0,-1
193,0,-1
194,0,-1
195,0,-1
196,0,-1
197,0,-1
198,0,-1
199,0,-1
200,0,-1
201,0,-1
202,0,-1
203,0,-1
204,0,-1
205,0,-1
206,0,-1
207,0,-1
208,0,-1
209,0,-1
210,0,-1
211,0,-1
212,0,-1
213,0,-1
214,0,-1
215,0,-1
216,0,-1
217,0,-1
218,0,-1
219,0,-1
220,0,-1
221,0,-1
222,0,-1
223,0,-1
224,0,-1
225,0,-1
226,0,-1
227,0,-1
228,0,-1
229,0,-1
230,0,-1
231,0,-1
232,0,-1
233,0,-1
234,0,-1
235,0,-1
236,0,-1
237,0,-1
238,0,-1
239,0,-1
240,0,-1
241,0,-1
242,0,-1
243,0,-1
244,0,-1
245,0,-1
246,0,-1
247,0,-1
248,0,-1
249,0,-1
250,0,-1
251,0,-1
id, creation, mean
0,0,-1
1,0,-1
2,0,-1
3,0,-1
4,0,-1
5,0,-1
6,0,-1
7,0,-1
8,0,-1
9,0,-1
10,0,-1
11,0,-1
12,0,-1
13,0,-1
14,0,-1
15,0,-1
16,0,-1
17,0,-1
18,0,-1
19,0,-1
20,0,-1
21,0,-1
22,0,-1
23,0,-1
24,0,-1
25,0,-1
26,0,-1
27,0,-1
28,0,-1
29,0,-1
30,0,-1
31,0,-1
32,0,-1
33,0,-1
34,0,-1
35,0,-1
36,0,-1
37,0,-1
38,0,-1
39,0,-1
40,0,-1
41,0,-1
42,0,-1
43,0,-1
44,0,-1
45,0,-1
46,0,-1
47,0,-1
48,0,-1
49,0,-1
50,0,-1
51,0,-1
52,0,-1
53,0,-1
54,0,-1
55,0,-1
56,0,-1
57,0,-1
58,0,-1
59,0,-1
60,0,-1
61,0,-1
62,0,-1
63,0,-1
64,0,-1
65,0,-1
66,0,-1
67,0,-1
68,0,-1
69,0,-1
70,0,-1
71,0,-1
72,0,-1
73,0,-1
74,0,-1
75,0,-1
76,0,-1
77,0,-1
78,0,-1
79,0,-1
80,0,-1
81,0,-1
82,0,-1
83,0,-1
84,0,-1
85,0,-1
86,0,-1
87,0,-1
88,0,-1
89,0,-1
90,0,-1
91,0,-1
92,0,-1
93,0,-1
94,0,-1
95,0,-1
96,0,-1
97,0,-1
98,0,-1
99,0,-1
100,0,-1
101,0,-1
102,0,-1
103,0,-1
104,0,-1
105,0,-1
106,0,-1
107,0,-1
108,0,-1
109,0,-1
110,0,-1
111,0,-1
112,0,-1
113,0,-1
114,0,-1
115,0,-1
116,0,-1
117,0,-1
118,0,-1
119,0,-1
120,0,-1
121,0,-1
122,0,-1
123,0,-1
124,0,-1
125,0,-1
126,0,-1
127,0,-1
128,0,-1
129,0,-1
130,0,-1
131,0,-1
132,0,-1
133,0,-1
134,0,-1
135,0,-1
136,0,-1
137,0,-1
138,0,-1
139,0,-1
140,0,-1
141,0,-1
142,0,-1
143,0,-1
144,0,-1
145,0,-1
146,0,-1
147,0,-1
148,0,-1
149,0,-1
150,0,-1
151,0,-1
152,0,-1
153,0,-1
154,0,-1
155,0,-1
156,0,-1
157,0,-1
158,0,-1
159,0,-1
160,0,-1
161,0,-1
162,0,-1
163,0,-1
164,0,-1
165,0,-1
166,0,-1
167,0,-1
168,0,-1
169,0,-1
170,0,-1
171,0,-1
172,0,-1
173,0,-1
174,0,-1
175,0,-1
176,0,-1
177,0,-1
178,0,-1
179,0,-1
180,0,-1
181,0,-1
182,0,-1
183,0,-1
184,0,-1
185,0,-1
186,0,-1
187,0,-1
188,0,-1
189,0,-1
190,0,-1
191,0,-1
192,0,-1
193,0,-1
194,0,-1
195,0,-1
196,0,-1
197,0,-1
198,0,-1
199,0,-1
200,0,-1
201,0,-1
202,0,-1
203,0,-1
204,0,-1
205,0,-1
206,0,-1
207,0,-1
208,0,-1
209,0,-1
210,0,-1
211,0,-1
212,0,-1
213,0,-1
214,0,-1
215,0,-1
216,0,-1
217,0,-1
218,0,-1
219,0,-1
220,0,-1
221,0,-1
222,0,-1
223,0,-1
224,0,-1
225,0,-1
226,0,-1
227,0,-1
228,0,-1
229,0,-1
230,0,-1
231,0,-1
232,0,-1
233,0,-1
234,0,-1
235,0,-1
236,0,-1
237,0,-1
238,0,-1
239,0,-1
240,0,-1
241,0,-1
242,0,-1
243,0,-1
244,0,-1
245,0,-1
246,0,-1
247,0,-1
248,0,-1
249,0,-1
250,0,-1
251,0,-1
252,0,-1
253,0,-1
254,0,-1
255,0,-1
256,0,-1
257,0,-1
258,0,-1
259,0,-1
260,0,-1
261,0,-1
262,0,-1
263,0,-1
264,0,-1
265,0,-1
266,0,-1
267,0,-1
268,0,-1
269,0,-1
270,0,-1
271,0,-1
272,0,-1
273,0,-1
274,0,-1
275,0,-1
276,0,-1
277,0,-1
278,0,-1
279,0,-1
280,0,-1
281,0,-1
282,0,-1
283,0,-1
284,0,-1
285,0,-1
286,0,-1
287,0,-1
288,0,-1
289,0,-1
290,0,-1
291,0,-1
292,0,-1
293,0,-1
294,0,-1
295,0,-1
296,0,-1
297,0,-1
298,0,-1
299,0,-1
300,0,-1
301,0,-1
302,0,-1
303,0,-1
304,0,-1
305,0,-1
306,0,-1
307,0,-1
308,0,-1
309,0,-1
310,0,-1
311,0,-1
312,0,-1
313,0,-1
314,0,-1
315,0,-1
316,0,-1
317,0,-1
318,0,-1
319,0,-1
320,0,-1
321,0,-1
322,0,-1
323,0,-1
324,0,-1
325,0,-1
326,0,-1
327,0,-1
328,0,-1
329,0,-1
330,0,-1
331,0,-1
332,0,-1
333,0,-1
334,0,-1
335,0,-1
336,0,-1
337,0,-1
338,0,-1
339,0,-1
340,0,-1
341,0,-1
342,0,-1
343,0,-1
344,0,-1
345,0,-1
346,0,-1
347,0,-1
348,0,-1
349,0,-1
350,0,-1
351,0,-1
352,0,-1
353,0,-1
354,0,-1
355,0,-1
356,0,-1
357,0,-1
358,0,-1
359,0,-1
360,0,-1
361,0,-1
362,0,-1
363,0,-1
364,0,-1
365,0,-1
366,0,-1
367,0,-1
368,0,-1
369,0,-1
370,0,-1
371,0,-1
372,0,-1
373,0,-1
374,0,-1
375,0,-1
376,0,-1
377,0,-1
378,0,-1
379,0,-1
380,0,-1
381,0,-1
382,0,-1
383,0,-1
384,0,-1
385,0,-1
386,0,-1
387,0,-1
388,0,-1
389,0,-1
390,0,-1
391,0,-1
392,0,-1
393,0,-1
394,0,-1
395,0,-1
396,0,-1
397,0,-1
398,0,-1
399,0,-1
400,0,-1
401,0,-1
402,0,-1
403,0,-1
404,0,-1
405,0,-1
406,0,-1
407,0,-1
408,0,-1
409,0,-1
410,0,-1
411,0,-1
412,0,-1
413,0,-1
414,0,-1
415,0,-1
416,0,-1
417,0,-1
418,0,-1
419,0,-1
420,0,-1
421,0,-1
422,0,-1
423,0,-1
424,0,-1
425,0,-1
426,0,-1
427,0,-1
428,0,-1
429,0,-1
430,0,-1
431,0,-1
432,0,-1
433,0,-1
434,0,-1
435,0,-1
436,0,-1
437,0,-1
438,0,-1
439,0,-1
440,0,-1
441,0,-1
442,0,-1
443,0,-1
444,0,-1
445,0,-1
446,0,-1
447,0,-1
448,0,-1
449,0,-1
450,0,-1
451,0,-1
452,0,-1
453,0,-1
454,0,-1
455,0,-1
456,0,-1
457,0,-1
458,0,-1
459,0,-1
460,0,-1
461,0,-1
462,0,-1
463,0,-1
464,0,-1
465,0,-1
466,0,-1
467,0,-1
468,0,-1
469,0,-1
470,0,-1
471,0,-1
472,0,-1
473,0,-1
474,0,-1
475,0,-1
476,0,-1
477,0,-1
478,0,-1
479,0,-1
480,0,-1
481,0,-1
482,0,-1
483,0,-1
484,0,-1
485,0,-1
486,0,-1
487,0,-1
488,0,-1
489,0,-1
490,0,-1
491,0,-1
492,0,-1
493,0,-1
494,0,-1
495,0,-1
496,0,-1
497,0,-1
498,0,-1
499,0,-1
500,0,-1
501,0,-1
502,2.258957863,104.5227967
503,5.131973743,121.6273942
504,7.955077648,118.8042903
505,10.33078098,114.657369
506,13.08269501,72.51195997
507,14.14291,92.63884458
508,15.91661453,109.0715354
509,18.77497482,87.11346372
510,21.78230476,156.0644
511,25.11341858,93.16550074
512,28.42684555,131.6983645
513,31.30168724,81.45243898
514,31.7139492,103.036516
515,35.14304733,83.13587198
516,38.23497009,162.7315331
517,40.93617249,114.7393123
518,42.90903854,137.9283817
519,43.07866287,96.24913474
520,46.1115036,97.36395586
521,49.62732697,97.05249837
522,51.76010895,97.57396511
523,53.62368393,121.2921486
524,56.11449432,64.37824373
525,59.26350784,95.88069492
526,61.90091705,50.85320917
527,62.05435562,104.6268966
528,64.94139862,112.9053062
529,67.87834167,90.63949965
530,70.11338043,77.64902754
531,73.37628937,107.4611309
532,76.12115479,74.39614855
533,79.35058594,83.72124743
534,79.42351532,74.83616002
535,83.09532928,104.5376048
536,85.83270264,76.19893517
537,88.53791809,71.45503533
538,90.66633606,99.58107487
539,93.58441925,89.71872899
540,94.11730957,94.86969903
541,96.25409698,79.41605457
542,98.77643585,70.12909387
543,101.816185,54.84902489
544,104.1169815,60.73065162
545,108.1835861,56.17391814
546,111.5060654,87.85535482
547,114.2494965,94.48816177
548,114.8835144,70.63925542
549,118.2422333,57.91789319
550,121.3958435,67.52761768
551,124.6442719,59.18158923
552,125.1229324,64.09186533
553,128.6503906,67.05362256
554,131.3644257,70.35607475
555,133.8078766,58.39629801
556,136.4898682,75.32636913
557,138.5385284,92.06503881
558,139.0623169,75.13336169
559,141.7123566,74.33318972
560,144.2981415,82.37445108
561,147.6392822,87.55514501
562,151.3074341,58.37240517
563,154.9777374,75.62582983
564,156.5020599,62.20376046
565,156.5180359,76.76328146
566,159.8651581,63.36670253
567,162.5863953,75.80221793
568,165.8165283,55.94908631
569,168.7415924,89.06637791
570,169.6467438,70.5813935
571,171.3300629,76.23237637
572,173.5984497,87.46406294
573,175.4890137,74.78167323
574,178.4180756,69.14436367
575,181.2793884,72.59275351
576,181.4368896,79.99633064
577,184.8959351,63.7598651
578,188.9407806,40.85445928
579,192.4898834,68.211129
580,194.9875793,94.25617375
581,197.3774261,66.19443005
582,198.7341614,47.61088625
583,202.7894135,66.97819844
584,205.9544525,59.25223599
585,208.107254,67.65876427
586,208.9104004,60.27012581
587,212.1825256,58.02027832
588,214.5553131,66.0187746
589,217.0701599,69.44076806
590,217.2594604,80.11984067
591,220.3435059,72.07085958
592,223.1259155,65.22489006
593,226.2254333,37.62467366
594,228.8114014,59.1778449
595,231.2365417,79.66797778
596,233.516922,59.90310691
597,234.043396,56.03882024
598,237.192337,85.51440563
599,239.6847382,68.42100765
600,243.2580719,59.88389043
601,245.9017334,75.44606178
602,247.7649689,90.05961304
603,249.7028656,87.10969313
604,251.3028564,48.11236611
605,254.4174194,99.11646147
606,257.3122864,46.13249817
607,260.5972595,70.4473391
608,263.7610168,70.62592455
609,266.8017578,81.39003235
610,267.3283997,67.07105591
611,269.8736267,87.86013822
612,273.6734314,64.15115051
613,276.4301453,60.14616577
614,276.7781372,65.06230043
615,278.5011292,83.07640716
616,282.6629028,96.40207921
617,284.2827759,72.22021572
618,287.8886108,72.53622126
619,290.1274109,82.08438621
620,292.7598572,60.1552804
621,296.7810059,56.8850222
622,299.7540588,78.21277468
623,302.203949,90.36895896
624,303.2378845,85.10593143
625,305.6413269,72.60159371
626,308.0112,62.05577468
627,311.4482117,53.35319911
628,314.4990234,85.00322783
629,316.9869995,50.64078161
630,317.7326355,59.37333441
631,320.1038208,58.13909981
632,322.4714355,65.54561366
633,324.9553223,56.57827361
634,328.3018188,88.12251842
635,330.9674072,62.87329965
636,333.8497009,59.99100595
637,337.2869263,56.01667247
638,340.7371826,74.40895641
639,342.820282,72.32585705
640,343.9825134,69.58596704
641,347.1591797,49.13572433
642,350.3309021,72.76454833
643,351.7718811,78.03517044
644,352.2179871,69.54138103
645,355.6779785,58.58551744
646,358.4719849,65.77234027
647,361.50177,62.74255511
648,364.0774841,61.68806594
649,366.5892029,81.45642697
650,367.9502563,65.80669646
651,369.9216919,76.69821646
652,373.1848145,56.62223709
653,376.2582397,73.69198918
654,379.7729492,71.0434379
655,382.3303223,73.8575798
656,385.2064819,70.2799684
657,385.9888611,81.22887938
658,388.6270752,76.49840385
659,391.7230225,75.61558029
660,394.4414673,64.8330562
661,398.7952271,58.42714676
662,402.0679321,61.83244521
663,403.0865173,57.66560155
664,406.3753662,129.1634225
665,408.5857544,59.061127
666,411.7938232,75.59183255
667,415.2142029,65.4512585
668,419.5218506,92.59727118
669,422.6456299,60.27647737
670,426.2842712,109.2545174
671,427.5491028,80.66252051
672,428.5584412,55.01420922
673,431.8397522,78.30246125
674,434.6364136,74.73345323
675,437.8753357,72.26687776
676,441.3703613,67.48999049
677,442.2188721,78.41337628
678,443.9343262,78.61815052
679,447.0026245,50.98020899
680,451.3061218,64.45567751
681,454.0986633,60.19948649
682,456.4074707,106.6141748
683,457.8654175,77.6733712
684,461.6196289,65.68847493
685,464.5786438,59.02976239
686,467.2557678,79.79471744
687,467.8997803,79.15070499
688,469.8351746,93.18647096
689,472.9485474,61.95894062
690,475.8781128,84.94097253
691,477.450592,82.52622355
692,479.0931702,74.443532
693,481.981842,69.62773244
694,484.6871948,87.72097656
695,487.5708008,81.01546601
696,488.3460083,83.39283568
697,490.2962952,85.28866261
698,493.4395447,79.57452779
699,496.4112854,72.17498139
700,496.862793,97.28744668
701,499.907135,60.91195032
702,503.2267456,69.78732686
703,506.111084,53.36675568
704,509.127594,54.06234918
705,512.5441895,59.56323566
706,512.6060181,90.61039558
707,516.0109253,66.36834749
708,518.6420898,84.5743238
709,521.675415,50.57125608
710,525.0838623,72.98926486
711,526.1859131,62.56839808
712,527.0602417,76.14381916
713,529.980896,56.78701431
714,532.9923096,53.66069711
715,534.7662354,80.95068649
716,535.882019,69.32683936
717,538.9301147,54.48660053
718,542.2164917,75.06952289
719,546.1236572,75.434491
720,546.1328125,69.58410934
721,548.6299438,65.21663314
722,551.8665771,63.55939128
723,555.3504639,48.75050345
724,557.7909546,57.63501384
725,560.7553711,83.15985396
726,561.2426758,67.40827225
727,564.6795654,103.3355819
728,567.4445801,61.40199683
729,570.6922607,49.84989177
730,573.1241455,76.3583332
731,576.4522095,56.48911108
732,577.6819458,50.98236015
733,579.5394287,55.82765274
734,583.1008911,91.13873686
735,585.8267212,70.68512925
736,588.8165283,75.83143979
737,590.3106079,66.20124253
738,591.6807251,70.68939669
739,594.5543213,50.93107205
740,598.324707,89.07356531
741,600.1400146,53.74852587
742,603.3963623,79.98890841
743,605.1286011,52.56496598
744,607.7871704,66.11144524
745,609.2057495,75.33399956
746,610.6523438,51.71777803
747,613.8677979,82.20182154
748,616.401001,55.77468607
749,619.9827271,52.19295999
750,622.6229248,61.96570956
751,624.8282471,61.07020981
752,625.0709839,68.27742111
753,629.1124878,90.19497764
754,631.7880249,63.78774186
755,635.0953979,68.5544771
756,637.682251,65.93938725
757,639.3627319,64.25890629
758,642.6641846,106.1676575
759,645.4429932,46.60859945
760,647.2716675,39.3142456
761,648.3444214,56.57148859
762,651.2381592,88.83232991
763,655.373291,62.52010179
764,658.2995605,39.11580464
765,660.642395,104.208223
766,663.8849487,59.22488318
767,665.5880737,76.67203591
768,666.2590942,80.99997446
769,666.9297485,97.92086951
770,669.255188,52.72287985
771,671.967041,56.96254974
772,675.0950928,65.97995132
773,677.2408447,80.47648236
774,680.4359741,60.47523117
775,683.4259644,66.50488865
776,685.6325073,66.54872255
777,686.7692261,85.31470402
778,688.454895,76.23419275
779,691.7774658,80.30387256
780,693.9449463,88.80217523
781,694.7422485,75.08548575
782,697.7989502,84.26229697
783,701.213623,71.47097973
784,703.1878052,75.2319151
785,706.4467773,76.30034417
786,706.6044312,65.6304344
787,709.069519,67.35521718
788,712.2896118,68.46521844
789,714.4313354,65.25497273
790,717.3421021,50.59696287
791,719.9070435,81.73010058
792,722.8809204,86.37042911
793,724.8153076,81.43935909
794,726.2112427,46.175891
795,729.50177,42.88536366
796,732.2171631,53.03936537
797,734.8540649,52.2628391
798,737.4226074,73.82376937
799,737.5365601,47.80791729
800,741.2987061,83.58982514
801,744.1880493,58.46051768
802,747.2073364,56.52612042
803,750.6485596,91.10688005
804,753.6681519,38.07671133
805,755.7056885,55.08713284
806,756.8272705,58.87889108
807,760.1269531,44.27015928
808,763.3746338,58.66336612
809,766.4730835,76.81886797
810,769.2266235,84.42847273
811,772.3158569,58.74883658
812,773.1966553,98.5008862
813,774.8388672,64.69536504
814,777.9647827,55.27879878
815,780.5222778,58.30310341
816,780.875061,42.94234655
817,783.7870483,52.99574588
818,786.8547974,49.92799686
819,790.0460815,60.84178595
820,793.2138672,72.3514129
821,795.4295654,58.09840848
822,798.180481,69.78192843
823,799.9177856,59.1448973
824,801.7919312,54.72798372
825,804.4349365,47.17279609
826,807.3237915,61.2114709
827,810.6429443,57.31946505
828,814.1141357,50.87635361
829,817.0436401,70.52830591
830,817.999939,56.1957861
831,820.3044434,86.11427657
832,821.9049072,80.08442008
833,823.7636719,77.20567985
834,826.3282471,76.86421319
835,826.8635254,43.28257579
836,828.8515625,67.72388484
837,832.0219727,49.712243
838,834.2780762,89.18641746
839,836.5767212,59.0113947
840,839.9187012,70.14378483
841,840.0946655,75.25025165
842,844.0334473,57.69129057
843,848.3347778,66.30993524
844,851.3851318,65.78846541
845,854.710083,62.07085009
846,855.2113647,68.92845325
847,858.6502075,58.90932948
848,861.3810425,50.6697638
849,864.0334473,68.74178336
850,866.6474609,72.36883208
851,869.3828125,95.99093675
852,872.4842529,56.74293595
853,873.0254517,54.90869592
854,875.1726685,50.52964105
855,876.9927368,71.00816162
856,880.2550659,63.65657694
857,883.0280151,83.17619154
858,886.4987793,61.17762032
859,888.6569214,52.77706137
860,891.2142944,54.09489717
861,892.7301636,57.16044821
862,894.1243896,69.6699687
863,896.277771,69.53620004
864,897.263855,69.79943331
865,899.6769409,45.97627307
866,902.9481201,85.04141906
867,905.9102173,67.49034366
868,908.1549683,71.8580656
869,911.4793091,81.33330433
870,914.9314575,50.69622723
871,915.4877319,79.40133939
872,917.9110718,74.90154163
873,920.8040771,74.08499417
874,925.2195435,81.99909334
875,928.5948486,78.10306664
876,931.4953613,49.41860864
877,932.526123,84.52671718
878,934.6022339,81.75997532
879,937.8007813,105.1760474
880,940.5479736,59.66444439
881,943.2593384,38.84608654
882,944.9603882,62.25824862
883,946.3140869,67.57788677
884,950.0303345,58.61744898
885,953.1971436,70.04572393
886,956.1484985,48.79512573
887,958.4393921,71.71848489
888,960.6511841,100.8384477
889,963.3245239,84.82084011
890,966.5827026,82.50148519
891,966.6530762,76.2138626
892,970.1195068,48.83561399
893,972.8883057,73.25639804
894,975.789917,46.69324806
895,975.8334351,58.81812324
896,977.9436035,52.60971105
897,980.7330933,59.01486288
898,984.2694092,90.33688476
899,986.5900879,69.15280211
900,987.9190674,77.12582711
901,989.3650513,87.15037679
902,992.0148926,63.11644161
903,994.253479,89.26728724
904,996.8037109,69.02122057
905,999.6593018,64.38568442
906,1002.088684,76.11515681
907,1004.889038,84.89698104
908,1004.981934,59.11750049
909,1008.85083,72.51709011
910,1011.50354,59.66055201
911,1014.115723,73.25801603
912,1015.848938,80.12548369
913,1016.912231,77.8065925
914,1020.159241,83.1694991
915,1024.194702,66.07968761
916,1027.585938,72.93741383
917,1030.648071,91.21158553
918,1033.205688,72.45653046
919,1034.719238,64.0919746
920,1035.836914,66.83981244
921,1039.541748,63.13497845
922,1042.739014,67.5029932
923,1044.474731,71.76396882
924,1047.775635,86.49026587
925,1050.803833,67.59493181
926,1052.679932,78.5798947
927,1054.172119,60.65654232
928,1055.718628,68.30219527
929,1058.670898,49.16682865
930,1061.410645,46.81448878
931,1064.246094,69.48559636
932,1066.925293,80.14510643
933,1069.908325,77.1620742
934,1072.594116,70.0727083
935,1074.014404,64.18199432
936,1076.183594,59.44708733
937,1079.354126,45.01917852
938,1082.619507,99.49437854
939,1085.794434,76.35286464
940,1088.698486,97.02213479
941,1091.64502,58.89772022
942,1092.646729,66.7631817
943,1094.487305,51.04462682
944,1096.252319,54.36368235
945,1098.530762,81.93714942
946,1102.033081,36.35461055
947,1104.981934,75.43212784
948,1108.745361,65.47128769
949,1110.7323,79.29024479
950,1111.960327,58.69969729
951,1114.817993,55.84203127
952,1117.980713,66.07941081
953,1121.830933,58.76366013
954,1124.903931,65.11861393
955,1128.002441,74.14354622
956,1131.428467,73.28476763
957,1131.624146,75.97850905
958,1135.315063,68.76774485
959,1138.880493,83.0450283
960,1141.970337,75.22646738
961,1143.86853,56.58502603
962,1144.321411,88.97897721
963,1147.064209,70.13259531
964,1149.909424,66.90872161
965,1153.003418,101.0530889
966,1154.405396,40.75052416
967,1156.806885,64.14437533
968,1160.198975,71.44529628
969,1163.157349,60.16414567
970,1165.706299,86.12569282
971,1168.37146,54.95003434
972,1171.083496,44.05382397
973,1173.306152,80.75035448
974,1175.154419,75.8371694
975,1176.822632,77.0298018
976,1178.679932,67.79239625
977,1181.629761,87.70741652
978,1184.939819,76.25393486
979,1186.975342,51.62580967
980,1188.717407,49.66691246
981,1189.479126,78.88474794
982,1192.131714,44.01227057
983,1195.382813,67.70945662
984,1198.552734,54.05984964
985,1200.964111,66.87349419
986,1202.338745,74.68121304
987,1205.501465,74.58308645
988,1208.665649,53.96188136
989,1211.658569,72.58228934
990,1213.698975,62.38724424
991,1214.638794,71.07120626
992,1217.427246,58.65897276
993,1220.708984,74.42917724
994,1223.730835,80.21586182
995,1226.412476,81.97097829
996,1228.56665,63.84064574
997,1231.178589,67.07474754
998,1233.244995,36.39968187
999,1233.804199,60.99692075
1000,1236.811768,53.30829055
1001,1239.833252,68.21300218
1002,1243.615479,60.21252807
1003,1245.974976,59.87387506
1004,1249.030884,52.02528474
1005,1252.104126,48.95204256
1006,1255.347778,85.08364777
1007,1257.373291,64.05617464
1008,1258.759399,88.50850113
1009,1261.499756,81.55254279
1010,1263.845947,74.68050716
1011,1267.120972,63.49966575
1012,1270.014893,63.80403783
1013,1272.090454,75.67152865
1014,1272.276855,54.21579125
1015,1275.043579,54.6796157
1016,1277.624023,62.84183192
1017,1280.371216,78.94356489
1018,1283.184937,48.19821909
1019,1286.063599,77.39360412
1020,1287.777466,68.06116281
1021,1289.263672,70.05110883
1022,1292.581055,69.92168368
1023,1295.259644,65.74739906
1024,1298.762939,54.89156477
1025,1301.246826,69.65138502
1026,1303.415649,46.04434924
1027,1306.355103,55.41907621
1028,1309.580322,71.31286975
1029,1309.76001,52.01416898
1030,1312.41394,70.5679181
1031,1316.198853,83.57911014
1032,1318.026489,66.96149165
1033,1320.855591,76.00661558
1034,1323.962158,91.31228483
1035,1327.037598,88.23684538
1036,1327.415894,53.05545522
1037,1330.13269,59.31679751
1038,1333.160889,91.04374967
1039,1336.29248,60.11904439
1040,1339.702759,66.10570977
1041,1343.73999,83.90601356
1042,1346.254639,62.51974078
1043,1347.896606,54.03845596
1044,1349.135498,60.07302931
1045,1351.865112,56.07212981
1046,1355.598022,62.42579333
1047,1358.01709,64.54876014
1048,1361.015625,79.04981305
1049,1361.64917,67.26709739
1050,1365.041992,64.89041249
1051,1367.859253,68.30575614
1052,1368.106812,58.38499697
1053,1371.091553,61.28169127
1054,1373.380981,59.68343962
1055,1376.768433,62.44693339
1056,1377.508301,81.91512396
1057,1379.758179,92.15366289
1058,1383.136475,56.37487228
1059,1386.510864,96.28741639
1060,1388.877441,83.89777097
1061,1389.13562,65.2671908
1062,1391.913086,59.64211818
1063,1395.384033,81.50784177
1064,1397.411133,78.10376415
1065,1400.490723,75.29618367
1066,1403.510864,71.41835965
1067,1405.00708,53.48938914
1068,1406.249023,73.02889536
1069,1409.518677,65.8000269
1070,1411.947754,65.26990307
1071,1415.918457,74.42919074
1072,1417.486328,49.81634701
1073,1418.084473,68.14999059
1074,1421.054565,59.46823724
1075,1425.018188,65.57310292
1076,1427.502319,83.62319741
1077,1429.411987,89.14360954
1078,1432.020752,88.86684138
1079,1433.256592,82.28726232
1080,1435.385132,70.01068933
1081,1439.196655,61.2680732
1082,1442.103882,52.51766544
1083,1442.574463,61.49939061
1084,1444.382935,74.17266228
1085,1447.737427,75.61914584
1086,1451.183228,57.61106717
1087,1454.696899,54.0973953
1088,1456.345337,58.60454832
1089,1457.613525,60.17194242
1090,1460.446411,44.94941003
1091,1464.047729,68.25247447
1092,1466.571289,83.73992926
1093,1469.035767,81.27545172
1094,1472.337036,77.97418219
1095,1475.126831,79.97666961
1096,1477.35498,54.94522349
1097,1477.446899,75.23899886
1098,1481.223022,50.56979277
1099,1484.114136,67.57349282
1100,1487.225586,55.1581335
1101,1489.771118,50.20253957
1102,1491.65918,58.12518489
1103,1493.326172,66.52689383
1104,1496.805176,56.78669681
1105,1500.537842,74.7218621
1106,1504.27002,65.32708251
1107,1504.466187,95.02413869
1108,1507.445679,67.81402519
1109,1508.537231,51.10005331
1110,1510.06189,56.33735397
1111,1513.279541,55.32698079
1112,1516.733643,48.49930783
1113,1519.808716,76.26550256
1114,1523.052979,47.91741225
1115,1524.062378,75.42794728
1116,1526.005371,71.05816264
1117,1529.526001,88.18673444
1118,1531.265259,55.69767461
1119,1531.865112,112.7219733
1120,1534.358765,78.87165533
1121,1534.915649,74.29378923
1122,1537.020142,75.31158073
1123,1539.710938,62.99407227
1124,1542.239624,54.22466718
1125,1543.496826,101.0902594
1126,1545.467773,78.64016781
1127,1547.474487,58.82246168
1128,1551.281738,61.26065421
1129,1553.641479,65.28777512
1130,1556.93396,102.1014741
1131,1560.597168,68.2394603
1132,1564.281616,69.97006103
1133,1565.976807,68.21759394
1134,1567.374268,71.01589274
1135,1569.980347,55.34078131
1136,1572.313354,60.80884238
1137,1575.500366,93.71739221
1138,1577.939575,47.47877126
1139,1579.682373,66.55179081
1140,1581.134155,69.72398647
1141,1584.67395,66.58838635
1142,1589.316895,58.8131856
1143,1591.822754,61.98122752
1144,1592.909546,91.72375889
1145,1594.966553,53.1635274
1146,1598.677246,57.642609
1147,1602.004883,67.64819773
1148,1605.50647,59.02321198
1149,1605.893555,71.40676328
1150,1608.226318,41.8704091
1151,1611.508179,65.78010701
1152,1614.501587,50.56964522
1153,1616.349854,71.3913086
1154,1618.031982,65.3460774
1155,1620.999023,50.33874788
1156,1623.396973,58.83142869
1157,1626.102661,53.17879209
1158,1628.627808,54.7502522
1159,1631.450928,55.50499309
1160,1632.20813,83.82658635
1161,1634.46167,89.72258569
1162,1637.239502,88.23945307
1163,1639.230103,67.47368052
1164,1642.067017,62.91845948
1165,1645.68042,90.11992959
1166,1648.046509,59.35855395
1167,1650.218994,74.32203166
1168,1651.27478,82.5757906
1169,1654.29248,66.54320349
1170,1657.777832,53.3570798
1171,1660.630005,62.16265749
1172,1663.492432,72.74316784
1173,1665.774414,57.56651036
1174,1666.463379,70.80546123
1175,1669.628052,79.11080205
1176,1672.818359,51.7266945
1177,1676.214478,72.52437627
1178,1678.983887,71.04966516
1179,1682.03772,75.51212022
1180,1683.428589,64.77029524
1181,1684.94812,63.79073369
1182,1688.909058,56.87040142
1183,1691.2146,68.20338106
1184,1694.78186,69.50584707
1185,1695.22229,73.63968512
1186,1698.053223,79.97188385
1187,1701.182617,44.35383157
1188,1704.257446,90.02171856
1189,1706.935059,70.78266259
1190,1709.486816,65.85806007
1191,1711.707764,76.27638319
1192,1712.330078,58.76022367
1193,1714.287109,43.89262414
1194,1717.007813,60.59079942
1195,1718.609131,55.7091785
1196,1720.57959,48.95471786
1197,1723.127686,51.98677508
1198,1726.424561,61.14882324
1199,1729.272095,68.08689868
1200,1732.643311,59.84742381
1201,1734.033569,80.25369391
1202,1735.240234,75.60095811
1203,1738.069946,65.26467519
1204,1742.104858,57.4683362
1205,1745.376221,65.2947419
1206,1748.608032,69.5816492
1207,1752.350952,65.62947666
1208,1754.011841,54.08341334
1209,1754.9552,57.30083087
1210,1758.644043,60.52775454
1211,1761.227661,79.68296475
1212,1761.717285,75.3228024
1213,1765.220215,64.74565682
1214,1768.658203,68.38942194
1215,1771.467041,60.72868349
1216,1773.809937,58.38578798
1217,1775.657227,90.1961241
1218,1777.200195,73.43466392
1219,1780.416138,54.94279092
1220,1783.762695,58.74562257
1221,1787.299927,88.63210209
1222,1788.346191,79.20914315
1223,1790.085571,50.17212785
1224,1793.304443,54.80192634
1225,1797.020386,67.82768105
1226,1800.932739,74.00327774
1227,1802.634399,77.12591549
1228,1804.82666,67.62210182
1229,1805.215576,68.88553016
1230,1808.330322,69.47670659
1231,1810.992554,77.01429897
1232,1813.376831,44.45666159
1233,1816.608887,71.27742433
1234,1818.514404,83.15129166
1235,1819.145264,66.48355003
1236,1822.184692,52.92101321
1237,1825.262207,89.0148128
1238,1828.165039,70.41666667
1239,1831.406128,56.60072475
1240,1834.558105,50.04701768
1241,1836.028198,57.02366084
1242,1837.108643,93.40173471
1243,1839.874268,77.19768571
1244,1843.343506,76.06015198
1245,1846.47229,67.97368198
1246,1849.816284,61.07059108
1247,1853.021729,64.05517719
1248,1855.781494,76.6262484
1249,1858.051025,66.53968575
1250,1858.252563,88.89649865
1251,1861.011963,89.31588499
1252,1863.1698,73.45911421
1253,1866.275513,44.61136257
1254,1869.702637,85.1261098
1255,1872.313232,55.5242087
1256,1875.863403,48.20268418
1257,1877.532715,50.30472628
1258,1879.801392,52.52023019
1259,1882.568481,58.71637591
1260,1885.655518,81.76793359
1261,1887.090454,85.41372608
1262,1889.215576,116.8164044
1263,1890.198853,68.12356563
1264,1891.864746,65.93616391
1265,1895.122681,83.86611084
1266,1898.084595,66.99993905
1267,1901.343994,75.62059617
1268,1904.767822,54.93892397
1269,1907.608521,67.27623542
1270,1909.282959,66.86450704
1271,1909.996094,103.3096417
1272,1913.423828,61.72974248
1273,1915.703003,60.4444631
1274,1918.687744,86.24233444
1275,1920.541138,72.84572602
1276,1921.654907,68.93016667
1277,1924.078735,65.22898306
1278,1924.921997,97.58637056
1279,1926.990356,79.99749784
1280,1929.255127,70.41505759
1281,1932.809937,53.44039021
1282,1935.437866,94.67314056
1283,1938.915771,81.3364698
1284,1941.122437,103.8030693
1285,1942.046021,65.84946229
1286,1943.967285,65.59524988
1287,1946.718384,84.68083579
1288,1950.204834,43.74263453
1289,1953.917114,54.43577858
1290,1956.359863,69.69997157
1291,1958.025757,68.80540712
1292,1959.995605,72.73607423
1293,1963.258057,60.48640674
1294,1966.067261,79.02859267
1295,1968.965698,70.5990313
1296,1971.843262,87.23904868
1297,1974.390625,59.92335477
1298,1976.324463,50.50670106
1299,1976.428955,54.20473903
1300,1979.479004,91.02288214
1301,1981.841064,76.81985143
1302,1984.967407,70.13232005
1303,1987.719116,71.7670338
1304,1991.1604,53.93545302
1305,1992.361084,43.84584918
1306,1994.40332,88.69301419
1307,1998.313354,67.21353523
1308,2001.497559,79.7172917
1309,2004.248291,94.21141814
1310,2007.566284,49.57168217
1311,2007.648682,65.65593713
1312,2010.380005,87.44555199
1313,2013.443604,73.57037239
1314,2017.059448,75.54276712
1315,2019.303345,72.06783646
1316,2021.479614,83.28815192
1317,2022.401123,64.35164125
1318,2025.386719,62.2351303
1319,2028.640747,59.40507665
1320,2031.476563,69.48063107
1321,2034.72168,61.93727848
1322,2036.218384,51.94320091
1323,2038.057617,55.80517709
1324,2040.852295,95.60936779
1325,2043.655151,61.02817766
1326,2046.079712,96.2145919
1327,2049.053711,61.16257308
1328,2050.25708,61.28799198
1329,2052.880371,61.47542313
1330,2055.630615,58.72517899
1331,2057.949951,87.39886871
1332,2059.638916,60.63071556
1333,2062.158203,58.40162842
1334,2063.040039,44.87873842
1335,2065.966797,62.96605023
1336,2069.101074,55.00311413
1337,2072.98999,47.56984131
1338,2075.355957,59.04256935
1339,2078.420654,37.70306389
1340,2080.656738,43.44745006
1341,2080.888672,51.54431655
1342,2083.747314,89.41157194
1343,2087.227539,62.38043872
1344,2089.155273,72.97355814
1345,2092.946777,68.87064951
1346,2095.765625,77.87443627
1347,2098.785645,78.70879431
1348,2100.113037,92.52884158
1349,2102.02832,62.91212063
1350,2105.514893,89.49964838
1351,2108.122314,70.85210248
1352,2111.708252,81.75304032
1353,2114.301514,69.15070539
1354,2116.625732,81.52949302
1355,2118.726563,62.14285538
1356,2118.985596,70.31005363
1357,2122.122559,70.51932009
1358,2126.040771,72.31453882
1359,2128.392334,65.12247526
1360,2131.691895,56.81674895
1361,2131.811768,80.59896105
1362,2135.273682,63.78613081
1363,2138.14209,72.87983609
1364,2141.614502,51.90030729
1365,2146.254883,57.21482296
1366,2148.85376,54.615946
1367,2150.590332,62.07705394
1368,2150.790527,48.3035302
1369,2153.802734,55.63098369
1370,2157.480713,67.95727585
1371,2160.024902,75.71810056
1372,2162.978516,72.76448727
1373,2166.170166,43.26355205
1374,2169.726563,58.72622038
1375,2169.95874,68.63028492
1376,2173.19043,42.09022502
1377,2176.209961,69.67830173
1378,2179.287598,43.4849
1379,2182.827393,39.47648137
1380,2183.334961,62.55330173
1381,2184.930176,75.8627001
1382,2187.016357,75.29107351
1383,2189.772217,58.23947291
1384,2193.019043,58.04568491
1385,2195.631104,50.81369507
1386,2198.212891,63.20981131
1387,2198.910156,51.75480799
1388,2201.587891,87.0412226
1389,2204.749512,85.34131762
1390,2207.845215,69.43341515
1391,2211.657959,68.70271764
1392,2214.290039,51.80669866
1393,2215.361816,64.60466833
1394,2218.202393,73.36175408
1395,2221.749756,59.58391229
1396,2224.943848,73.70797712
1397,2228.014893,64.83784006
1398,2228.953857,79.83496578
1399,2231.235107,68.40681593
1400,2233.940186,58.58594943
1401,2236.929443,55.59669162
1402,2238.393311,74.99225694
1403,2240.808105,44.2653882
1404,2243.463623,78.62668122
1405,2246.492432,69.52285662
1406,2249.759033,89.64770809
1407,2252.80542,69.28488435
1408,2255.381348,44.2605757
1409,2258.609375,61.76751871
1410,2261.335693,36.53589381
1411,2261.72876,58.64813394
1412,2264.753906,54.42065832
1413,2267.914063,61.27682784
1414,2270.808594,55.68187269
1415,2274.734131,71.90957413
1416,2277.280762,97.65383872
1417,2278.732178,83.00680753
1418,2279.853027,70.97389439
1419,2282.361328,87.12286053
1420,2284.956299,80.282092
1421,2287.762451,81.32505551
1422,2289.676025,42.92704942
1423,2290.4646,84.47000083
1424,2293.54126,72.57256933
1425,2296.425781,63.60452976
1426,2296.671875,78.29771855
1427,2299.887939,71.89265199
1428,2301.960938,69.81965394
1429,2304.7854,90.0679572
1430,2307.980225,76.42566469
1431,2308.10376,59.89195269
1432,2311.480469,80.17163032
1433,2314.63916,70.6019693
1434,2317.593506,83.69136461
1435,2319.991211,58.87749359
1436,2320.116455,59.77724532
1437,2323.875,56.99019431
1438,2327.225586,78.84730519
1439,2330.468994,71.36308256
1440,2331.53833,42.689906
1441,2333.657715,80.86222409
1442,2336.153076,80.91734346
1443,2340.154541,71.85176005
1444,2342.94873,85.33362673
1445,2346.404297,62.7863799
1446,2349.07666,54.76996284
1447,2350.003906,61.26019287
1448,2353.113281,94.01545832
1449,2355.460938,72.58216618
1450,2357.967285,59.14618694
1451,2360.338867,86.78987238
1452,2360.539307,70.02386197
1453,2364.155762,66.40740689
1454,2367.51123,69.15046066
1455,2371.081299,68.42894205
1456,2374.817383,57.6625009
1457,2376.637939,58.21096021
1458,2378.733154,56.58688333
1459,2382.208984,85.42660481
1460,2384.797363,86.64762974
1461,2387.591309,55.371979
1462,2390.514404,72.55912217
1463,2393.276611,83.62409065
1464,2395.146729,81.6058308
1465,2396.452881,69.80198138
1466,2397.425293,62.28108071
1467,2400.58374,62.60445407
1468,2403.856445,64.27594734
1469,2406.182617,68.72932292
1470,2408.333496,70.99259066
1471,2411.930664,64.11489072
1472,2413.811523,82.61513295
1473,2414.600342,61.44521298
1474,2417.624023,51.44674405
1475,2420.751465,54.16047526
1476,2423.808594,42.34207079
1477,2426.260986,59.57774779
1478,2428.462402,57.37633177
1479,2429.915527,55.23096399
1480,2432.794189,39.30678454
1481,2435.960449,58.54019414
1482,2438.545166,38.35553596
1483,2441.18042,91.92876283
1484,2443.214111,68.55587021
1485,2444.111328,45.27122362
1486,2445.768066,83.4911548
1487,2448.975342,47.96689891
1488,2451.723633,81.00271216
1489,2454.394775,71.59896669
1490,2457.859375,50.86858432
1491,2459.060059,74.47888986
1492,2460.175049,55.64496456
1493,2463.052246,81.99878088
1494,2467.054199,68.05717485
1495,2469.769043,47.05997013
1496,2472.950928,61.64884968
1497,2476.071289,52.1694933
1498,2477.861328,67.23873515
1499,2479.512695,67.14074948
1500,2481.755615,46.48516713
1501,2484.070557,78.1404784
1502,2486.834229,61.18164984
1503,2489.656006,52.65617
1504,2492.51001,78.91545454
1505,2494.812012,79.45993105
1506,2495.428711,80.08746674
1507,2498.130127,65.43812253
1508,2501.419922,85.97904144
1509,2504.428955,51.9243391
1510,2507.349365,68.10557362
1511,2507.982178,81.12033566
1512,2511.203125,76.57463651
1513,2513.816895,64.13898289
1514,2516.384277,69.62664821
1515,2519.440186,69.66232785
1516,2520.146973,68.95554074
1517,2522.717529,85.85030615
1518,2524.833252,56.35864834
1519,2526.891846,61.36864783
1520,2527.467773,60.57521516
1521,2530.334717,66.81410532
1522,2531.914063,71.96408211
1523,2535.361084,65.21500581
1524,2539.033691,61.68589916
1525,2541.719727,50.71806332
1526,2544.501465,87.68012246
1527,2546.834717,59.79254668
1528,2547.906982,73.99965878
1529,2549.59668,60.76032292
1530,2553.181641,63.14738992
1531,2556.062744,76.00836708
1532,2558.667236,71.81909338
1533,2559.622559,80.0704916
1534,2562.137695,43.03521917
1535,2565.449219,77.80076357
1536,2568.392578,52.91960442
1537,2571.943115,53.06850373
1538,2574.615479,40.16607628
1539,2575.647461,68.57622476
1540,2577.869141,85.91229734
1541,2580.492432,77.08010665
1542,2582.747314,68.4668975
1543,2585.243408,64.81447899
1544,2588.619141,80.286549
1545,2591.733887,92.22017017
1546,2593.375244,68.33668413
1547,2595.034424,55.02346337
1548,2598.53833,38.45294339
1549,2602.084717,43.25044825
1550,2605.917969,79.4854891
1551,2606.095947,77.05499259
1552,2608.415771,57.58467915
1553,2611.286621,76.0974286
1554,2613.467529,72.81162254
1555,2616.060791,80.68911935
1556,2619.114014,66.58541881
1557,2621.208252,58.43342782
1558,2623.994629,54.82752925
1559,2624.481689,75.70795849
1560,2627.449707,61.36232083
1561,2629.709229,74.83701823
1562,2631.496826,52.51165325
1563,2632.206543,44.34658464
1564,2634.287598,75.78531238
1565,2637.076904,71.40840579
1566,2640.496826,83.63029826
1567,2643.614258,70.0630753
1568,2645.778076,76.33919437
1569,2648.376221,52.62673462
1570,2651.397217,81.98203842
1571,2654.473145,56.83102278
1572,2655.725586,61.4445808
1573,2658.472656,83.35877067
1574,2661.456543,85.63948692
1575,2664.490234,97.29486398
1576,2666.956299,67.37431399
1577,2669.775635,56.23078774
1578,2671.266357,71.23408458
1579,2673.741211,85.27367927
1580,2676.858398,83.79798758
1581,2680.178223,60.03617026
1582,2683.567139,78.85203124
1583,2686.631348,71.2217083
1584,2689.5354,56.1700799
1585,2691.222656,77.18806024
1586,2692.881348,78.3840674
1587,2695.648682,57.68522118
1588,2698.3479,96.85157831
1589,2701.349121,47.51768163
1590,2703.871826,64.93675352
1591,2704.984131,76.32748996
1592,2705.820313,67.37732732
1593,2706.102051,77.85600065
1594,2708.454834,64.74280584
1595,2711.757813,59.34469116
1596,2714.452148,65.22273455
1597,2714.723145,80.86334745
1598,2717.405029,75.53072701
1599,2720.526611,59.07242807
1600,2724.023193,67.30701588
1601,2727.760254,79.49447559
1602,2729.635498,83.07862441
1603,2732.262207,106.3515065
1604,2735.470459,59.89048983
1605,2737.361572,61.7162294
1606,2738.397461,48.33299655
1607,2740.862305,65.18339597
1608,2743.647949,65.19187701
1609,2744.691162,65.68232264
1610,2747.489502,74.85180435
1611,2750.392334,84.98124773
1612,2753.464355,67.3914424
1613,2756.391602,72.52639956
1614,2759.246094,73.82632644
1615,2762.020508,72.82658661
1616,2763.715332,62.45769685
1617,2766.164063,80.94240818
1618,2766.467041,76.20372474
1619,2768.979248,78.12722263
1620,2772.393066,71.56333856
1621,2774.881104,70.58265005
1622,2777.158203,59.48745553
1623,2779.746826,81.36420034
1624,2782.507813,75.82903539
1625,2785.241943,98.52284668
1626,2786.420898,64.37080787
1627,2789.37085,85.25245774
1628,2792.756104,69.25968082
1629,2795.766113,76.03249791
1630,2797.828125,52.49409934
1631,2798.506348,88.58609729
1632,2802.046875,51.50973213
1633,2805.450195,60.59377607
1634,2808.183594,63.61501744
1635,2810.617432,60.03645239
1636,2813.406006,76.84202315
1637,2816.455811,54.19807349
1638,2819.104736,74.07794668
1639,2819.129883,64.63490723
1640,2822.557617,68.74973523
1641,2825.048096,63.285556
1642,2828.481934,66.71475465
1643,2831.418213,70.40445626
1644,2834.792236,66.00699566
1645,2837.16748,64.65518869
1646,2839.933838,64.64720173
1647,2840.537109,47.41509269
1648,2843.800049,81.2381152
1649,2847.355713,64.73889235
1650,2851.067383,52.75028475
1651,2854.606445,72.38530116
1652,2857.823242,84.912649
1653,2858.050293,69.08508249
1654,2861.973877,48.97597654
1655,2865.227539,55.4548729
1656,2867.908447,53.19927624
1657,2870.188965,81.13102447
1658,2870.602783,56.27031236
1659,2874.616455,62.12189516
1660,2877.325439,87.82921139
1661,2880.701416,79.29190713
1662,2882.111572,77.88175088
1663,2883.046631,58.39774543
1664,2886.261963,73.73136025
1665,2889.0271,52.41727668
1666,2892.394043,63.00412912
1667,2894.559326,71.86820965
1668,2896.799316,89.14100525
1669,2899.727051,76.6998669
1670,2903.026611,37.27079668
1671,2905.665771,49.29201723
1672,2906.665771,77.36977479
1673,2908.594971,64.37506357
1674,2912.05957,70.90987939
1675,2914.424072,77.18510839
1676,2917.118896,68.99536695
1677,2919.973633,92.1797204
1678,2922.295898,56.18729315
1679,2923.088867,67.05589629
1680,2926.251465,70.86391458
1681,2928.442383,64.93357971
1682,2931.137207,47.68553709
1683,2933.715576,111.0202878
1684,2933.812256,56.33250761
1685,2936.426025,67.26650812
1686,2938.755127,73.39822626
1687,2941.598633,63.76273642
1688,2943.652588,66.74114514
1689,2946.536133,80.95988258
1690,2949.379639,52.36309499
1691,2951.840088,90.85918006
1692,2952.537598,79.4388264
1693,2954.738525,88.97951118
1694,2957.285889,78.53700356
1695,2959.165527,68.18100418
1696,2962.880371,75.49197991
1697,2965.104736,72.44241154
1698,2966.699707,78.00530349
1699,2968.503418,74.13351495
1700,2972.104004,81.43045213
1701,2976.260986,62.05284844
1702,2979.61499,69.01352609
1703,2983.39917,74.40044301
1704,2984.688721,87.86091389
1705,2986.069824,79.14646032
1706,2989.380615,81.45333897
1707,2992.133789,70.43735782
1708,2994.612549,77.0038735
1709,2995.353027,66.32576737
1710,2997.796875,60.5991814
1711,3001.16626,89.2313794
1712,3004.67749,68.75304045
1713,3007.574707,55.38199418
1714,3007.983887,62.9781977
1715,3010.136719,54.56806108
1716,3012.89209,76.07397982
1717,3015.544189,74.85344972
1718,3019.093994,54.24516778
1719,3021.615967,89.95561453
1720,3022.025635,74.39913769
1721,3024.92627,69.02151903
1722,3027.954834,87.43281579
1723,3029.813232,70.22974183
1724,3032.620361,67.94826911
1725,3036.055176,63.98779847
1726,3036.671143,51.82895358
1727,3040.230713,70.25098709
1728,3042.573975,75.56772446
1729,3045.58252,63.24044866
1730,3048.912598,59.15573454
1731,3052.714355,53.24080585
1732,3053.240479,64.90122056
1733,3055.458008,88.93397641
1734,3058.442383,60.83201519
1735,3060.775879,56.64093476
1736,3063.415527,62.62323691
1737,3066.033691,91.04816521
1738,3069.593994,55.02252116
1739,3072.934814,70.49958725
1740,3073.698242,69.62565016
1741,3076.491211,55.44999401
1742,3080.065674,44.67503787
1743,3083.263672,66.98360131
1744,3084.071533,47.86967175
1745,3086.16748,80.5379334
1746,3089.188232,56.24575719
1747,3091.297852,75.61818766
1748,3094.372803,64.35947374
1749,3097.858398,54.88198665
1750,3101.037354,96.42538595
1751,3101.373779,65.86516777
1752,3105.559326,61.35671305
1753,3108.375977,62.85960452
1754,3111.293945,55.8964227
1755,3115.263672,79.41383953
1756,3116.786133,64.19671068
1757,3117.939941,41.95480875
1758,3120.842285,57.07597802
1759,3123.297363,72.84155022
1760,3125.149902,88.38127329
1761,3126.297852,63.21908614
1762,3129.120117,60.90404408
1763,3132.476563,82.46626222
1764,3135.240723,60.89819084
1765,3139.004395,63.65270496
1766,3141.714844,39.28197871
1767,3143.041504,81.85739854
1768,3145.574951,48.79659441
1769,3147.55127,64.01131322
1770,3151.152588,76.46605132
1771,3153.915771,54.65067682
1772,3154.151611,49.65294351
1773,3156.843506,94.08021678
1774,3159.572266,73.84626182
1775,3162.134277,49.4283054
1776,3164.791992,61.86167233
1777,3167.686279,65.71232775
1778,3169.819092,62.62374941
1779,3172.574463,73.85956227
1780,3174.523193,89.68143867
1781,3175.870361,63.48184898
1782,3179.550781,67.58727969
1783,3182.411133,86.26094159
1784,3185.017334,70.15877667
1785,3188.504883,50.51438182
1786,3191.398926,72.93321336
1787,3194.559326,79.9291262
1788,3196.662842,52.27396161
1789,3197.770996,69.33688994
1790,3201.216309,67.07353531
1791,3204.187744,76.02292973
1792,3207.35791,74.54698689
1793,3211.00708,78.16554067
1794,3213.456787,62.46708911
1795,3216.21582,103.8014476
1796,3219.483887,54.38405762
1797,3222.1521,56.99654265
1798,3223.6875,76.89886427
1799,3225.296875,57.54206628
1800,3228.272705,87.36213646
1801,3231.396973,46.09480278
1802,3234.562012,85.45525619
1803,3236.235107,65.43200316
1804,3237.077881,67.6175145
1805,3239.646729,59.65792947
1806,3242.80127,85.95274785
1807,3245.69165,66.67280257
1808,3248.025391,71.60397417
1809,3249.835449,55.43663978
1810,3251.054688,57.85469544
1811,3253.941895,74.81212285
1812,3257.573975,64.80366273
1813,3260.586914,55.92632511
1814,3263.837402,72.31695072
1815,3266.954834,91.13104895
1816,3269.546387,64.4616776
1817,3271.240967,61.30621789
1818,3272.827393,63.20794554
1819,3276.70752,52.2620933
1820,3279.806641,65.01400125
1821,3283.393799,53.02218819
1822,3286.693848,45.85333703
1823,3287.028564,101.2589478
1824,3290.404297,54.02763554
1825,3293.077148,57.39558683
1826,3295.820068,64.10744563
1827,3299.608398,61.23983705
1828,3300.867676,68.52493883
1829,3302.657227,70.5578127
1830,3305.891602,100.6593561
1831,3309.383057,74.07712172
1832,3309.406738,77.94799158
1833,3313.111572,46.81594172
1834,3315.82373,85.90512444
1835,3319.577637,50.87232899
1836,3322.239746,64.63052105
1837,3325.233398,80.52863808
1838,3326.587891,69.30476029
1839,3327.093262,81.56363663
1840,3330.439941,77.13852894
1841,3333.139648,74.43882191
1842,3335.936035,100.5348342
1843,3338.386475,59.51852953
1844,3341.183838,50.61639228
1845,3343.548584,61.51744503
1846,3344.245361,54.17129162
1847,3347.305176,94.4606655
1848,3350.261475,64.81408488
1849,3353.176514,80.73456445
1850,3356.674805,78.67215611
1851,3357.955566,60.97042907
1852,3359.892578,73.22434055
1853,3362.942627,66.41622292
1854,3366.194336,65.01692598
1855,3369.08374,59.03841876
1856,3371.343994,58.509114
1857,3373.903076,59.07110947
1858,3376.875488,51.24667071
1859,3379.624756,66.09477056
1860,3380.228271,55.77617759
1861,3382.802246,69.51018999
1862,3385.71167,91.27982281
1863,3385.944824,45.58954537
1864,3388.343994,95.24644144
1865,3391.63916,62.65739707
1866,3395.011719,57.30071734
1867,3397.71167,47.01945827
1868,3400.220703,52.39954386
1869,3403.358154,54.7968802
1870,3404.268555,53.44802561
1871,3406.884277,69.70957115
1872,3409.915039,60.06692144
1873,3413.264648,76.04841888
1874,3416.118408,66.36887492
1875,3419.050049,60.2673325
1876,3421.938965,70.95912701
1877,3422.44165,73.45243628
1878,3424.510498,66.31515189
1879,3427.256836,82.11426376
1880,3430.348877,60.47677298
1881,3432.80542,57.2874497
1882,3435.798828,67.89637987
1883,3436.391846,68.28175017
1884,3438.694092,63.91560049
1885,3441.522705,68.89130007
1886,3444.495117,65.91888796
1887,3448.295898,96.84095364
1888,3452.194824,50.0401341
1889,3452.395996,92.74085599
1890,3456.228271,74.46493371
1891,3459.967529,65.30356421
1892,3463.275391,61.99570289
1893,3466.193848,51.90372497
1894,3469.121094,48.97647887
1895,3469.520996,52.87206121
1896,3472.121826,53.1007814
1897,3475.643799,77.48037128
1898,3477.970703,58.69445727
1899,3480.492188,84.71848527
1900,3483.912354,75.74243001
1901,3486.947266,65.466792
1902,3487.17749,77.41638898
1903,3490.635742,69.92641959
1904,3493.677246,77.94087056
1905,3495.492432,63.11897017
1906,3497.452637,56.7380153
1907,3498.527344,52.11257277
1908,3500.987305,59.57485709
1909,3503.831299,79.58700861
1910,3506.741943,88.82055169
1911,3506.866455,85.25102439
1912,3509.743896,85.81859856
1913,3512.218994,56.60981931
1914,3512.916992,55.37993723
1915,3515.810547,55.38059257
1916,3518.664063,84.06240956
1917,3522.244141,73.31835442
1918,3524.91333,50.24981021
1919,3528.209961,79.85542212
1920,3530.463867,50.68140176
1921,3531.402588,56.12242151
1922,3535.880859,68.83359164
1923,3538.692383,69.72366551
1924,3540.848633,78.8348239
1925,3543.101074,47.65051313
1926,3544.985352,65.24597159
1927,3546.235596,72.88282801
1928,3548.652832,58.55966067
1929,3551.536865,70.64404461
1930,3554.005371,59.82802546
1931,3557.163818,71.21002865
1932,3559.710449,67.14199769
1933,3561.246582,78.94724351
1934,3564.08374,66.34627772
1935,3567.70874,60.97005085
1936,3570.104004,82.94438554
1937,3572.093506,56.72525472
1938,3572.899414,90.43457315
1939,3575.829346,66.65945412
1940,3578.68042,50.13834066
1941,3581.964844,84.07879373
1942,3584.84668,60.2217057
1943,3586.354492,58.87886105
1944,3588.168945,64.28102043
1945,3591.436768,87.28941772
1946,3594.362061,51.79773303
1947,3597.413818,48.74597522
1948,3599.836914,55.24031194
1949,3602.221924,91.51540063
1950,3604.147705,45.89309748
1951,3605.214355,73.82306286
1952,3608.064453,64.04277212
1953,3610.048096,84.34594177
1954,3613.713623,61.71767274
1955,3617.0354,72.16242469
1956,3619.879395,57.62594473
1957,3620.444336,51.66288931
1958,3622.706543,98.00249938
1959,3623.761475,63.08518927
1960,3626.018799,81.35372776
1961,3629.351563,56.60670143
1962,3631.86792,60.38649518
1963,3633.084717,70.17584611
1964,3634.578857,73.48663916
1965,3637.752686,65.83945277
1966,3640.071533,82.70758464
1967,3643.77417,52.50398763
1968,3643.983398,78.79571941
1969,3646.779785,56.324681
1970,3650.389648,80.09377611
1971,3652.866455,59.07048468
1972,3655.302979,77.07400552
1973,3656.715576,62.37851879
1974,3657.590332,43.72101934
1975,3660.217773,38.69021709
1976,3663.228027,85.25723455
1977,3665.447021,52.2732128
1978,3667.721924,86.53702251
1979,3669.658691,41.10510184
1980,3671.315674,39.44811942
1981,3674.154785,58.80094033
1982,3677.33667,76.22167384
1983,3680.30542,61.35784639
1984,3682.44751,97.00063437
1985,3683.818115,70.4408311
1986,3686.574951,52.81989659
1987,3689.944336,85.22199095
1988,3692.773438,54.44817454
1989,3695.994141,46.07353383
1990,3699.077393,80.37075156
1991,3702.701416,67.44521314
1992,3706.104492,45.22676422
1993,3706.941406,79.19959275
1994,3708.902344,82.38993298
1995,3711.482422,65.91949067
1996,3714.026855,68.79489545
1997,3717.199463,46.23365716
1998,3720.436768,67.41420581
1999,3722.54248,64.21038419
2000,3723.084473,81.90210791
2001,3725.956299,73.79917337
2002,3729.067627,63.6572309
2003,3732.011963,86.30847608
2004,3734.326416,43.07549653
2005,3734.821777,58.03441708
2006,3736.804443,40.20114454
2007,3740.143066,80.36829933
2008,3741.588135,66.18967982
2009,3743.265137,77.24622901
2010,3746.083008,76.07318532
2011,3748.811279,62.60463673
2012,3749.309326,48.95468472
2013,3752.378906,88.68554703
2014,3755.471436,79.91635246
2015,3758.643555,48.14354995
2016,3761.616455,71.35226598
2017,3763.803467,50.92802361
2018,3764.54834,76.51611344
2019,3767.298584,73.7658693
2020,3771.014648,53.95268621
2021,3774.116455,68.40253271
2022,3777.747559,65.37935212
2023,3779.936523,65.67212585
2024,3780.19751,65.36232694
2025,3782.866943,64.4652598
2026,3786.17041,72.59327672
2027,3788.836426,56.7722235
2028,3791.338623,54.72634905
2029,3795.007813,63.24153029
2030,3795.206787,73.07721
2031,3798.036865,61.20939251
2032,3801.387207,63.3251318
2033,3804.136475,68.57224361
2034,3806.913086,50.48863128
2035,3807.059814,49.51371653
2036,3810.429199,51.9199904
2037,3813.498535,64.55294907
2038,3816.149902,52.30012007
2039,3819.569092,72.46291231
2040,3823.378174,48.60126031
2041,3826.178223,75.9098368
2042,3826.319336,54.97921081
2043,3829.071045,64.17145775
2044,3832.699707,60.51253823
2045,3836.146484,72.1670105
2046,3839.252197,81.35787377
2047,3842.11792,62.11653327
2048,3842.264648,74.28900597
2049,3845.486572,78.53981157
2050,3848.247559,95.2423633
2051,3850.949707,57.89699096
2052,3853.265869,62.75872638
2053,3856.133301,69.11936667
2054,3858.921875,66.15022384
2055,3858.958008,65.06837602
2056,3862.628174,68.42230772
2057,3865.042969,76.51745846
2058,3867.945068,79.8959009
2059,3871.052002,76.31900555
2060,3874.079834,81.22557641
2061,3876.610596,71.38006212
2062,3877.118408,74.01437927
2063,3880.102295,71.72566338
2064,3883.224609,47.86601889
2065,3886.755859,75.41374139
2066,3890.147461,46.94355645
2067,3891.680176,54.819595
2068,3893.039063,53.02767484
2069,3895.669434,54.8814298
2070,3898.572021,64.28303661
2071,3901.726318,59.67763216
2072,3904.925781,68.56982179
2073,3908.093506,74.50592538
2074,3910.962646,45.70818065
2075,3911.35376,48.75446202
2076,3914.183838,70.93536471
2077,3917.376953,74.84586622
2078,3920.568848,65.80922948
2079,3922.921875,55.7858998
2080,3923.580078,82.92518692
2081,3926.355469,84.82927147
2082,3928.699951,64.2288525
2083,3932.505371,79.43097463
2084,3935.334961,56.63397072
2085,3937.982422,53.98650978
2086,3939.398682,53.70798929
2087,3941.787842,99.66997686
2088,3944.60083,59.6436949
2089,3948.618408,75.41046773
2090,3949.280273,77.46628671
2091,3952.111572,73.81501297
2092,3955.525391,82.59437413
2093,3958.454346,68.29221445
2094,3958.7229,84.21795042
2095,3961.144531,79.27388027
2096,3964.332275,73.31511122
2097,3967.367432,72.61174766
2098,3970.45752,63.93153373
2099,3972.393311,87.25262921
2100,3974.481201,58.58257701
2101,3976.546387,54.95370933
2102,3979.729004,63.13219609
2103,3983.291748,73.99866256
2104,3986.902832,97.08463987
2105,3988.187744,81.63225798
2106,3989.677734,56.01642157
2107,3993.1604,83.2353403
2108,3996.651123,63.84998112
2109,3999.62085,83.25899219
2110,4002.823242,66.99675993
2111,4005.124268,62.90156388
2112,4005.599609,80.00688952
2113,4007.490234,75.38960743
2114,4010.357422,68.22364882
2115,4013.928223,58.0913986
2116,4017.166748,91.15699199
2117,4019.699951,69.61554293
2118,4022.731689,77.21337506
2119,4023.102783,76.84228131
2120,4025.79834,62.94906056
2121,4029.135254,79.60947745
2122,4031.741699,68.2033653
2123,4034.470459,59.44568487
2124,4036.962402,75.70118246
2125,4037.487793,45.55299695
2126,4041.105225,74.32070166
2127,4044.2229,77.52207305
2128,4045.840088,56.92708569
2129,4047.580566,78.32394406
2130,4049.920898,79.45289447
2131,4052.237549,78.74452386
2132,4055.443604,55.05307363
2133,4057.85083,79.09288145
2134,4061.690674,71.80514815
2135,4062.712646,68.42585229
2136,4063.995117,48.72166491
2137,4067.430664,83.64606416
2138,4070.516357,60.8117263
2139,4073.615479,74.00539039
2140,4073.701416,62.53774589
2141,4076.356689,72.28979611
2142,4078.578857,66.19210651
2143,4082.012695,74.85512316
2144,4082.887939,68.21824219
2145,4085.390381,82.7563705
2146,4087.984131,69.49630229
2147,4090.984375,52.37173141
2148,4093.386719,68.853807
2149,4096.700195,85.77622132
2150,4097.642578,84.83383851
2151,4099.269043,64.98930464
2152,4102.128418,49.822416
2153,4104.956055,67.99301942
2154,4107.871094,68.08390181
2155,4110.347656,56.90762959
2156,4111.311035,70.82628974
2157,4113.611816,80.58384087
2158,4117.4375,65.03891663
2159,4120.078613,72.34412462
2160,4122.929199,62.72482611
2161,4125.644531,84.56579793
2162,4125.770508,67.65084289
2163,4127.845703,58.66202306
2164,4130.785645,42.71016861
2165,4133.604004,42.72825451
2166,4136.301758,70.43858088
2167,4136.393555,76.09471
2168,4139.337891,72.94184577
2169,4142.235352,58.48403345
2170,4146.542969,87.13052562
2171,4149.87207,78.4962274
2172,4152.828613,67.68720834
2173,4153.161133,75.2071649
2174,4155.343262,70.90461302
2175,4157.578125,53.50004618
2176,4161.49707,51.43330183
2177,4164.354492,63.19993531
2178,4164.778809,72.42458771
2179,4167.527832,86.65072793
2180,4170.52002,68.36449364
2181,4172.902832,75.83086554
2182,4175.488281,74.10017008
2183,4177.931641,63.25815387
2184,4181.446777,59.83298724
2185,4182.022461,71.11955623
2186,4185.085938,53.79857568
2187,4188.097168,62.45542792
2188,4191.329102,56.85929288
2189,4193.19043,68.66200458
2190,4194.310547,50.96928684
2191,4197.337891,93.83709997
2192,4199.444824,67.12807279
2193,4202.471191,71.08299863
2194,4205.523438,68.03075254
2195,4206.978027,70.91365975
2196,4207.756348,50.74682061
2197,4208.836426,85.77469341
2198,4211.92041,69.31123047
2199,4215.561035,60.29479584
2200,4219.442871,86.11269967
2201,4220.665527,63.13259857
2202,4221.880371,82.69130985
2203,4225.685059,95.45031361
2204,4229.068848,65.54227154
2205,4231.978027,51.21743865
2206,4232.714844,107.6563387
2207,4234.494141,61.7660177
2208,4237.868164,58.20906682
2209,4241.98291,61.42085042
2210,4245.631348,66.68831053
2211,4247.31543,53.40573856
2212,4247.751465,52.20765431
2213,4251.066895,62.9246601
2214,4253.659668,49.25472029
2215,4256.98877,60.31516797
2216,4259.18457,59.15298158
2217,4261.193359,78.32946909
2218,4263.739746,85.85146211
2219,4265.989746,58.44122057
2220,4266.362793,83.20773592
2221,4270.853516,68.66931284
2222,4272.846191,110.4459345
2223,4274.811035,68.45310795
2224,4276.3125,93.11801295
2225,4279.004883,77.72914034
2226,4281.524902,65.34472574
2227,4284.922363,86.10343458
2228,4287.025879,82.62732345
2229,4287.510742,92.51745716
2230,4291.04541,64.60973533
2231,4294.174805,50.81204484
2232,4297.140137,78.60450158
2233,4300.270996,76.67665625
2234,4302.755371,46.92733023
2235,4303.624512,48.21756699
2236,4306.72168,71.93469123
2237,4308.882813,78.79562075
2238,4312.69873,66.6685465
2239,4316.458984,66.83314152
2240,4317.744629,46.50123895
2241,4318.744141,67.52635403
2242,4321.01123,70.55292814
2243,4323.473633,67.29991069
2244,4326.786621,52.1163991
2245,4329.474121,66.92436756
2246,4332.465332,78.46952256
2247,4333.23291,81.46681421
2248,4336.229004,57.18911871
2249,4338.594727,78.66751065
2250,4341.52832,81.77014486
2251,4344.381836,64.46225804
2252,4344.474609,73.31801498
2253,4347.103027,89.9225859
2254,4350.45166,60.59516536
2255,4354.09375,63.86426984
2256,4357.099609,95.57997463
2257,4359.805176,69.66565446
2258,4363.236328,76.37587835
2259,4364.482422,71.86203864
2260,4365.88916,62.69426521
2261,4368.102539,83.61041749
2262,4371.557617,47.1894144
2263,4374.518066,54.67099862
2264,4378.220703,72.47252646
2265,4380.167969,70.15613267
2266,4381.313477,83.51444935
2267,4384.08252,78.70682862
2268,4386.862305,58.51740876
2269,4388.720215,52.39665725
2270,4389.206055,79.93473769
2271,4391.894531,58.79869833
2272,4395.182129,69.30653613
2273,4397.836426,69.70192518
2274,4401.05957,72.68121358
2275,4403.299805,62.70424883
2276,4403.520508,81.23375099
2277,4406.471191,76.7107196
2278,4409.950195,79.52490753
2279,4412.858887,71.89576113
2280,4415.798828,64.01683937
2281,4419.520508,63.43808582
2282,4422.601074,72.90356551
2283,4422.97168,80.13942445
2284,4426.361816,56.59677722
2285,4429.714844,55.0398041
2286,4432.65918,83.33325303
2287,4436.448242,65.71247037
2288,4439.580078,88.32499957
2289,4442.15625,74.44677801
2290,4445.70459,78.09050785
2291,4446.904785,46.77585265
2292,4448.538574,55.89421686
2293,4451.575195,44.42881692
2294,4454.262207,55.66870491
2295,4457.767578,66.02751957
2296,4461.364746,61.95095401
2297,4463.474609,65.3170474
2298,4464.235352,86.65292795
2299,4467.815918,74.06147634
2300,4471.291016,60.6399138
2301,4474.614258,64.47180976
2302,4477.496094,69.85873288
2303,4480.192871,87.63108755
2304,4480.254395,51.12770114
2305,4483.075684,76.2635319
2306,4486.392578,69.39821712
2307,4489.342773,54.52454643
2308,4492.591797,78.33747376
2309,4495.803711,66.15229195
2310,4496.323242,82.35384095
2311,4498.522461,60.11307459
2312,4501.831543,72.37123083
2313,4505.541992,66.74925081
2314,4508.416016,65.78675817
2315,4511.167969,51.98871854
2316,4514.054199,70.65348566
2317,4517.774414,56.02834166
2318,4519.088379,43.50345368
2319,4521.374512,62.56315281
2320,4523.85498,69.82358266
2321,4526.51416,61.57005065
2322,4529.397461,55.4188102
2323,4531.568359,52.36930515
2324,4534.690918,74.60470723
2325,4537.520996,54.28910552
2326,4538.144043,63.86891798
2327,4539.769531,52.94549399
2328,4542.459961,66.81519506
2329,4544.946777,72.28870374
2330,4548.214844,53.32292486
2331,4550.057617,69.14020307
2332,4551.893066,67.23215753
2333,4555.171875,63.95334894
2334,4558.275391,64.32944991
2335,4561.658691,85.32716189
2336,4564.535645,53.99053394
2337,4565.57373,75.88240916
2338,4568.057617,41.42400123
2339,4570.472168,61.77071366
2340,4573.600098,73.38575564
2341,4575.087891,80.82167369
2342,4578.666992,41.12692294
2343,4582.244629,66.40873183
2344,4584.104492,68.357692
2345,4585.50293,60.68000636
2346,4588.723145,68.61402536
2347,4592.240723,85.13871104
2348,4595.214844,57.28447364
2349,4597.37207,61.37934932
2350,4600.086914,73.98683154
2351,4602.916016,42.12788923
2352,4605.301758,67.27450736
2353,4606.922363,39.75657902
2354,4611.063477,57.06481247
2355,4614.55127,46.35349152
2356,4617.621094,68.32342322
2357,4620.416504,69.96681956
2358,4621.535645,74.92568125
2359,4623.575195,49.00106986
2360,4626.567871,69.89345468
2361,4629.280762,47.39112101
2362,4631.806152,48.36294361
2363,4633.45166,72.11010536
2364,4636.185059,72.28288361
2365,4639.51709,45.89159843
2366,4639.567871,68.16237459
2367,4642.005371,77.01965269
2368,4644.226074,64.27947237
2369,4647.524414,65.5525425
2370,4650.31543,65.44254415
2371,4653.278809,67.81497361
2372,4655.817871,76.74758401
2373,4656.825684,76.4878032
2374,4660.463867,91.69054496
2375,4663.828125,49.31411464
2376,4667.265625,37.91361581
2377,4669.922852,91.12351219
2378,4670.163086,73.06993631
2379,4673.973145,63.65571384
2380,4676.841309,95.47158171
2381,4679.946289,65.5284056
2382,4683.210449,89.10244108
2383,4685.411621,76.41110437
2384,4686.455078,73.33226167
2385,4689.854004,55.71127272
2386,4692.411621,48.84701997
2387,4695.0625,86.71402393
2388,4698.058105,56.65285465
2389,4699.374512,47.60629035
2390,4700.822266,60.92966404
2391,4702.786133,64.60484761
2392,4706.108398,53.07436216
2393,4708.895508,72.88101611
2394,4712.365234,69.58032784
2395,4715.790527,74.37359026
2396,4719.119629,42.38786719
2397,4722.433594,62.68749165
2398,4722.722168,69.71466194
2399,4725.979492,51.84345439
2400,4727.919434,66.94103841
2401,4730.925781,75.20237546
2402,4733.956543,58.262166
2403,4737.496094,54.72261522
2404,4737.589844,77.79887426
2405,4740.066406,84.81494976
2406,4743.661621,75.93909573
2407,4746.958008,76.13555423
2408,4748.597168,46.26330403
2409,4750.399414,54.1788485
2410,4752.593262,77.13144641
2411,4755.452637,56.41609929
2412,4757.539551,66.79615002
2413,4758.564941,36.0731248
2414,4761.458008,65.43503327
2415,4763.849609,64.25069979
2416,4767.59375,59.64805583
2417,4771.097656,76.20881904
2418,4773.459961,78.96783949
2419,4776.486328,77.60473795
2420,4779.80957,58.16279626
2421,4780.57373,63.2463985
2422,4783.538086,58.46147874
2423,4786.38916,73.63405912
2424,4789.369141,79.13895006
2425,4792.724121,71.85397541
2426,4795.671875,96.14425281
2427,4799.654785,68.15233866
2428,4801.628906,74.50293136
2429,4802.556641,65.25048319
2430,4806.041504,78.50228779
2431,4808.428223,57.42019346
2432,4811.012695,63.40251365
2433,4814.664063,52.38787532
2434,4818.108887,86.95899663
2435,4821.364258,60.65115714
2436,4822.44873,83.26797078
2437,4825.351563,86.71944478
2438,4829.268066,70.73307041
2439,4829.71582,74.99535648
2440,4832.691406,67.07755549
2441,4836.157227,68.91065678
2442,4838.943848,55.11253023
2443,4841.890625,70.18038228
2444,4844.939453,72.59510483
2445,4845.370605,101.0462238
2446,4847.736816,53.78174378
2447,4850.901855,57.37114166
2448,4853.181152,64.35340561
2449,4855.308594,59.18305216
2450,4857.887207,65.58079599
2451,4858.544922,76.30290062
2452,4861.63623,68.19754707
2453,4863.938965,56.92264556
2454,4866.60791,63.03205143
2455,4869.774414,91.90428654
2456,4872.875,88.8037006
2457,4875.621582,59.90646325
2458,4879.099609,78.93450252
2459,4879.385742,55.46279638
2460,4881.696777,83.58235074
2461,4884.834961,79.16960673
2462,4887.575195,72.36009994
2463,4890.148438,82.79683194
2464,4893.559082,78.17897149
2465,4894.422852,78.52241788
2466,4895.911133,79.37212862
2467,4898.981934,72.20605983
2468,4901.58252,56.89478441
2469,4903.8125,49.51266855
2470,4906.463379,57.24159244
2471,4907.673828,69.4240418
2472,4910.854004,68.92693293
2473,4913.70166,63.564371
2474,4916.04248,53.03884141
2475,4918.32666,70.88735359
2476,4920.568359,55.2367547
2477,4921.902832,55.52864573
2478,4924.975586,47.88851674
2479,4927.37207,50.44835949
2480,4930.735352,54.65217788
2481,4933.625,53.62214833
2482,4936.246094,41.57955657
2483,4936.319824,47.63106415
2484,4939.148926,36.18722343
2485,4942.455566,42.93196304
2486,4945.208984,36.61095449
2487,4945.746094,53.13042584
2488,4948.244629,39.00251942
2489,4951.668457,46.98752382
2490,4954.403809,32.59189006
2491,4957.599121,-1
2492,4960.44873,18.69609087
2493,4961.297852,29.38632057
2494,4964.837891,33.81809023
2495,4967.737305,19.90670904
2496,4970.902832,26.16509474
2497,4973.464844,26.13606294
2498,4975.963379,23.63752794
2499,4977.197266,-1
2500,4978.826172,11.85800026
2501,4981.92627,-1
2502,4984.47168,-1
2503,4987.117188,-1
2504,4990.787598,8.088921932
2505,4993.310059,-1
2506,4996.683594,-1
2507,4998.458496,-1
2508,4999.260742,-1
